{
  "v1": {
    "qjl_1": [
      0.15360000000000001,
      0.25460000000000005,
      0.4928,
      0.8886
    ],
    "turboquant_1": [
      0.15360000000000001,
      0.25460000000000005,
      0.4928,
      0.8886
    ],
    "faiss_pq_4": [
      0.4932,
      0.7356,
      0.5250000000000001,
      0.9944
    ],
    "qjl_4": [
      0.35039999999999993,
      0.5562,
      0.5236,
      0.9890000000000001
    ],
    "turboquant_4": [
      0.425,
      0.66,
      0.517,
      0.9776
    ],
    "polarquant_4": [
      0.483,
      0.729,
      0.5247999999999999,
      1.0
    ],
    "polarquant_1": [
      0.13140000000000002,
      0.22080000000000002,
      0.4808,
      0.8409999999999999
    ],
    "faiss_pq_2": [
      0.4676,
      0.6734,
      0.4992,
      0.9714
    ],
    "turboquant_2": [
      0.1574,
      0.2634,
      0.4418,
      0.6858
    ],
    "faiss_pq_1": [
      0.3372,
      0.488,
      0.40659999999999996,
      0.8513999999999999
    ],
    "qjl_2": [
      0.248,
      0.404,
      0.51,
      0.9583999999999999
    ],
    "uncompressed_32": [
      0.49799999999999994,
      0.7414000000000001,
      0.5282,
      1.0
    ],
    "polarquant_2": [
      0.3494,
      0.5478,
      0.517,
      0.9835999999999998
    ]
  },
  "v2": {
    "qjl_1": [
      0.23320000000000002,
      0.38499999999999995,
      0.5028,
      0.9158
    ],
    "turboquant_1": [
      0.23320000000000002,
      0.38499999999999995,
      0.5028,
      0.9158
    ],
    "faiss_pq_4": [
      0.4932,
      0.7356,
      0.5250000000000001,
      0.9944
    ],
    "qjl_4": [
      0.23320000000000002,
      0.38499999999999995,
      0.5028,
      0.9158
    ],
    "turboquant_4": [
      0.4709999999999999,
      0.7093999999999999,
      0.526,
      0.9996
    ],
    "polarquant_4": [
      0.4904,
      0.7272000000000001,
      0.5280000000000001,
      1.0
    ],
    "polarquant_1": [
      0.31700000000000006,
      0.5056,
      0.5149999999999999,
      0.97
    ],
    "faiss_pq_2": [
      0.4676,
      0.6734,
      0.4992,
      0.9714
    ],
    "turboquant_2": [
      0.3206,
      0.5248,
      0.5174000000000001,
      0.9757999999999999
    ],
    "faiss_pq_1": [
      0.3372,
      0.488,
      0.40659999999999996,
      0.8513999999999999
    ],
    "qjl_2": [
      0.23320000000000002,
      0.38499999999999995,
      0.5028,
      0.9158
    ],
    "uncompressed_32": [
      0.49799999999999994,
      0.7414000000000001,
      0.5282,
      1.0
    ],
    "polarquant_2": [
      0.406,
      0.6292,
      0.5216000000000001,
      0.9949999999999999
    ]
  },
  "unc_v1": {
    "qjl_1": [
      0.13482,
      0.10122,
      0.63048,
      0.5547599999999999
    ],
    "turboquant_1": [
      0.13482,
      0.10122,
      0.63048,
      0.5547599999999999
    ],
    "faiss_pq_4": [
      0.85442,
      0.8444200000000001,
      0.9085000000000001,
      0.8209199999999999
    ],
    "qjl_4": [
      0.39238,
      0.34195999999999993,
      0.80412,
      0.7543
    ],
    "turboquant_4": [
      0.55102,
      0.49128,
      0.73614,
      0.7261599999999999
    ],
    "polarquant_4": [
      0.79816,
      0.76728,
      0.92616,
      0.9176400000000001
    ],
    "polarquant_1": [
      0.11874,
      0.0885,
      0.57268,
      0.50544
    ],
    "faiss_pq_2": [
      0.65404,
      0.5522600000000001,
      0.7533000000000001,
      0.7072200000000001
    ],
    "turboquant_2": [
      0.14414,
      0.10138,
      0.41274,
      0.3987200000000001
    ],
    "faiss_pq_1": [
      0.42552,
      0.27496,
      0.5099199999999999,
      0.53598
    ],
    "qjl_2": [
      0.24447999999999998,
      0.19824000000000003,
      0.73162,
      0.66444
    ],
    "uncompressed_32": [
      1.0,
      1.0,
      1.0,
      1.0
    ],
    "polarquant_2": [
      0.38630000000000003,
      0.32470000000000004,
      0.7698,
      0.72614
    ]
  },
  "unc_v2": {
    "qjl_1": [
      0.22132000000000002,
      0.16872,
      0.67222,
      0.59038
    ],
    "turboquant_1": [
      0.22132000000000002,
      0.16872,
      0.67222,
      0.59038
    ],
    "faiss_pq_4": [
      0.85442,
      0.8444200000000001,
      0.9085000000000001,
      0.8209199999999999
    ],
    "qjl_4": [
      0.22132000000000002,
      0.16872,
      0.67222,
      0.59038
    ],
    "turboquant_4": [
      0.71286,
      0.67056,
      0.89726,
      0.8823399999999999
    ],
    "polarquant_4": [
      0.83446,
      0.8066199999999999,
      0.9399599999999999,
      0.9334
    ],
    "polarquant_1": [
      0.33452000000000004,
      0.27554,
      0.7367600000000001,
      0.69006
    ],
    "faiss_pq_2": [
      0.65404,
      0.5522600000000001,
      0.7533000000000001,
      0.7072200000000001
    ],
    "turboquant_2": [
      0.35324,
      0.2933,
      0.75046,
      0.7008599999999999
    ],
    "faiss_pq_1": [
      0.42552,
      0.27496,
      0.5099199999999999,
      0.53598
    ],
    "qjl_2": [
      0.22132000000000002,
      0.16872,
      0.67222,
      0.59038
    ],
    "uncompressed_32": [
      1.0,
      1.0,
      1.0,
      1.0
    ],
    "polarquant_2": [
      0.48929999999999996,
      0.43486,
      0.81114,
      0.78026
    ]
  }
}